{
  "name": "Real F25-F4 Config",
  "params": {
    "m": 0.499099999666214,
    "z_f": 127,
    "z_c": 129,
    "w0": 0.4887000024318695,
    "r1": 0.6815000176429749,
    "c1": 0.3319999873638153,
    "e1": 0.1550000011920929,
    "r2": 0.7850000262260437,
    "c2": 0.33000001311302185,
    "e2": 0.1340000033378601,
    "ha": 0.23999999463558197,
    "hf": 0.38999998569488525,
    "mu_s": 0.009999999776482582,
    "mu_t": 0.6000000238418579
  },
  "smooth": 0.0010000000474974513,
  "fillet_add": 0.15000000596046448,
  "fillet_ded": 0.10000000149011612
}